{
  "name": "Adventurer",
  "type": "player",
  "attributes": {
    "body": 10,
    "mind": 10,
    "instinct": 10
  },
  "traits": [],
  "derivedStats": {
    "maxLife": 100,
    "maxActionPoints": 5,
    "maxManaPoints": 40
  },
  "currentLife": 100,
  "currentActionPoints": 5,
  "currentManaPoints": 40,
  "score": 20,
  "inventory": [],
  "skills": [
    {
      "name": "Quick Heal"
    }
  ],
  "attackPower": 10,
  "attackRange": 1,
  "hex": {
    "q": 5,
    "r": 11,
    "s": -16
  },
  "currentMapId": "prologue_map_2",
  "gameLevel": 6
}